step,entropy
0,
1,0.124107
2,0.77665305
3,0.14391911
4,0.6717222
5,0.9048008
6,1.2629914
7,0.0005918282
8,2.1866715
9,0.38334405
10,0.07040253
11,0.6087648
12,1.55488
13,0.00037082125
14,0.09184266
15,0.0009060147
16,0.11749299
17,3.1648107
18,0.80971324
19,0.826964
20,3.6648403e-06
21,1.1197295
22,2.305828
23,0.947253
24,2.4531057e-05
25,1.9397088e-05
26,0.48985708
27,0.48473927
28,1.4490161
29,0.52889967
30,0.6748097
31,1.3181696
32,0.38827974
33,0.1790106
