step,head_agreement
0,
1,0.18162912
2,0.08725649
3,0.10101363
4,0.14497976
5,0.16184457
6,0.13351248
7,0.27430603
8,0.28129667
9,0.37110284
10,0.31688544
11,0.31570277
12,0.21650422
13,0.3118513
14,0.23532104
15,0.24706492
16,0.19381075
17,0.20127867
18,0.25494722
19,0.27461487
20,0.36887965
21,0.19201261
22,0.23069315
23,0.17108127
24,0.2584493
25,0.22740467
26,0.25133392
27,0.23482588
28,0.17444928
29,0.22904833
30,0.183125
31,0.14942387
32,0.22074518
33,0.24367101
