step,entropy
0,
1,0.0013490982
2,0.00044782416
3,0.61855793
4,0.040267225
5,0.0006451737
6,0.001073509
7,0.0021864036
8,0.004710076
9,1.7808045e-05
10,0.0005471274
11,0.812161
12,0.114530936
