step,head_agreement
0,
1,0.36427864
2,0.44678077
3,0.45255908
4,0.30595845
5,0.3441302
6,0.32975844
7,0.6645442
8,0.6783256
9,0.69993
10,0.58841187
11,0.45992452
12,0.24297754
