step,entropy
0,
1,0.019832846
2,0.7411993
3,0.0332185
4,1.2722605
