step,head_agreement
0,
1,0.23457696
2,0.20163444
3,0.2477275
4,0.2461614
