step,entropy
0,
1,0.10674851
2,1.6170037
3,0.009572774
4,0.29303372
5,0.0047550467
6,0.0013591828
7,1.008853
8,0.007742084
9,0.0076676863
10,0.0011881045
11,0.0021142508
12,0.47244316
13,0.22241732
14,0.4011316
