step,head_agreement
0,
1,0.34127033
2,0.23668116
3,0.35083345
4,0.41386864
5,0.23264153
6,0.2945289
7,0.32619336
8,0.4766012
9,0.48798794
10,0.17813352
11,0.2861831
12,0.35636577
13,0.37879106
14,0.39734665
