step,head_agreement
0,
1,0.20317307
2,0.2770323
3,0.36753842
4,0.4446991
5,0.4695896
6,0.46182713
7,0.48202506
8,0.27354544
9,0.39096192
10,0.5725827
11,0.43564302
12,0.5653886
13,0.4921404
14,0.4534332
15,0.5196178
16,0.513425
17,0.4089652
18,0.568094
19,0.51382107
20,0.51440066
21,0.431695
22,0.5287131
23,0.65335417
24,0.5143937
25,0.46574056
26,0.36655903
27,0.4874147
28,0.44295797
29,0.31708634
30,0.43682474
31,0.62245095
32,0.44387764
33,0.4822236
34,0.45315984
35,0.22407527
