step,entropy
0,
1,0.089844726
2,0.0042264448
3,0.5942781
4,0.0016717835
5,0.00047758277
6,0.02474162
7,0.0089009935
8,0.0014229817
9,0.00012539423
10,0.4708506
11,0.028486697
12,0.013619032
13,0.12475209
14,0.36531895
