step,head_agreement
0,
1,0.20125164
2,0.2652419
3,0.35383946
4,0.29120103
5,0.4001884
6,0.32477975
7,0.38926825
8,0.40490973
9,0.33117378
10,0.33124197
11,0.26926813
12,0.25147536
13,0.29210794
14,0.2377777
