step,entropy
0,
1,1.8346765
2,0.07145686
3,0.4924935
4,0.046595212
5,0.20781441
6,0.42009383
7,1.0908809
8,0.006553339
9,6.573534e-05
10,0.64538234
11,0.112065434
12,0.0052699395
13,0.9838868
14,0.5603323
15,1.1837417
16,0.41980278
17,1.4750531
18,0.48048308
19,0.020965753
