step,head_agreement
0,
1,0.19465256
2,0.22692357
3,0.23972122
4,0.2965651
5,0.27716944
6,0.26350912
7,0.265606
8,0.2534363
9,0.23586544
10,0.23663291
11,0.2830788
12,0.22309172
13,0.2615887
14,0.2521361
15,0.21956651
16,0.23875086
17,0.22383615
18,0.20475444
19,0.2534144
