step,entropy
0,
1,0.6265436
2,0.010227074
3,0.59968156
4,0.007355218
5,0.028786704
6,0.10321204
7,1.0563414
8,0.00131044
9,8.305392e-06
10,0.1307012
11,0.018743135
12,0.002914909
13,0.58812124
14,0.8612756
15,1.6952782
16,0.0003195511
17,2.322008e-05
18,0.56259185
19,0.27764925
20,0.0014812229
21,9.06987e-06
22,4.6564983e-05
23,0.6412731
24,0.04052697
