step,head_agreement
0,
1,0.22300972
2,0.22785251
3,0.24975722
4,0.2863276
5,0.26343942
6,0.23896837
7,0.2902386
8,0.27599925
9,0.23918496
10,0.24784309
11,0.28858843
12,0.23833047
13,0.23647062
14,0.25762868
15,0.22212327
16,0.36299542
17,0.23556635
18,0.21897203
19,0.1966607
20,0.25698218
21,0.24831516
22,0.18554607
23,0.20704919
24,0.26429734
