step,entropy
0,
1,2.034457
2,0.091930814
3,0.1613445
4,0.05364281
5,0.298347
6,0.3085369
7,1.2162569
8,0.011089854
9,5.6658268e-05
10,0.9976511
11,0.34401026
12,0.01002508
13,0.61397535
14,0.62236863
15,0.32214445
16,0.7760299
17,0.7898083
18,0.034648396
19,0.013795543
