step,head_agreement
0,
1,0.19750789
2,0.20736398
3,0.23434916
4,0.24550743
5,0.2528797
6,0.2529485
7,0.27202398
8,0.2535453
9,0.27215922
10,0.2564266
11,0.2548361
12,0.20773849
13,0.20136
14,0.22364649
15,0.20556773
16,0.23980853
17,0.22519034
18,0.1962024
19,0.22282091
