step,head_agreement
0,
1,0.16610923
2,0.29735044
3,0.4106754
4,0.21008821
5,0.3702738
6,0.5013317
7,0.3481891
8,0.35401472
9,0.34928483
10,0.45364943
11,0.46825063
12,0.43290403
13,0.49963894
14,0.5162629
15,0.4746568
16,0.23876569
17,0.3444941
18,0.5344155
19,0.52388316
20,0.54926074
21,0.6400689
22,0.54172325
23,0.45145863
24,0.55957353
25,0.5838425
26,0.4916773
27,0.5008362
28,0.3984798
29,0.4602744
30,0.4938315
31,0.4701122
32,0.5253513
33,0.49303454
34,0.5360184
35,0.49179107
36,0.2649732
