step,entropy
0,
1,0.29354984
2,0.0332135
3,0.0028694058
4,0.014461436
5,0.26038387
6,1.8018674
7,0.7384969
8,0.79495275
9,1.0205688
10,1.1570398
11,0.000963549
12,2.362375
13,1.1250815
14,0.019774443
15,2.2371154
16,1.0462885
17,0.98950285
18,0.0012234909
19,2.5724292
20,0.7773854
21,0.73291093
22,3.4637833e-05
23,0.0070178467
24,1.5494355
25,1.0347207
26,0.784733
27,0.76331675
28,1.2038113
29,0.008079864
30,0.6895427
31,0.0076214327
32,0.65990293
33,1.1263542
