step,head_agreement
0,
1,0.18743849
2,0.35337186
3,0.44871345
4,0.4072345
5,0.34538463
6,0.2361895
7,0.3910468
8,0.5520884
9,0.52142805
10,0.22351563
11,0.2827811
12,0.2318801
13,0.23699827
14,0.2984546
15,0.24495019
16,0.21976371
17,0.28274196
18,0.30106047
19,0.18417107
20,0.21349804
21,0.25686935
22,0.23377492
23,0.19231692
24,0.19571504
25,0.20338479
26,0.25605384
27,0.259975
28,0.20845783
29,0.2622856
30,0.25399375
31,0.22413783
32,0.25496563
33,0.17595199
