step,entropy
0,
1,0.855097
2,0.017919326
3,0.01515775
4,0.0017572022
5,1.21342355e-05
6,0.41056526
7,1.1607411
8,0.0057319864
9,2.0461164
10,0.45819443
11,1.8134017
12,0.013098422
13,1.4190688
14,1.5962477
15,0.023393363
16,0.010051898
17,2.8741503
18,0.0017376414
19,0.018783811
20,3.0242653
21,0.00067884923
22,1.1356419
23,2.2256591
24,3.3293676
25,0.06349184
26,0.023126394
27,0.7489365
