step,head_agreement
0,
1,0.15375239
2,0.31090534
3,0.40413344
4,0.3107094
5,0.5357769
6,0.34862998
7,0.2573937
8,0.3862453
9,0.31435478
10,0.376376
11,0.32258347
12,0.39846665
13,0.34000525
14,0.39229253
15,0.41624188
16,0.377968
17,0.3589557
18,0.5570846
19,0.42651832
20,0.40271968
21,0.52864856
22,0.47435692
23,0.37381065
24,0.31257498
25,0.44248068
26,0.3890003
27,0.2123388
