step,entropy
0,
1,1.9989891
2,0.12513326
3,0.15482557
4,0.04554531
5,0.1614321
6,0.22416477
7,1.2142556
8,0.011607901
9,4.8673017e-05
10,0.5196458
11,0.13063581
12,0.0034146067
13,0.34492147
14,0.4894709
15,0.74257416
16,0.6432249
17,1.4089954
18,1.14727
19,0.009194283
