step,head_agreement
0,
1,0.21403225
2,0.20850521
3,0.23139922
4,0.2494515
5,0.25495097
6,0.2509527
7,0.28288555
8,0.26225507
9,0.2676808
10,0.25727496
11,0.2738755
12,0.21313442
13,0.2253328
14,0.23506886
15,0.22048081
16,0.24354535
17,0.23063806
18,0.2512289
19,0.232614
