step,entropy
0,
1,1.8922846
2,0.096991815
3,0.33603573
4,0.028812727
5,0.14973642
6,0.1956346
7,1.1387858
8,0.0051325406
9,3.3419197e-05
10,0.9575578
11,0.2212089
12,0.0039996756
13,0.6531754
14,0.70792854
15,1.0091338
16,1.0981897
17,0.26694787
18,1.7363913
19,0.20934112
20,0.0034574093
