step,head_agreement
0,
1,0.20218204
2,0.2165751
3,0.24355642
4,0.27030855
5,0.25958616
6,0.24063383
7,0.2758093
8,0.26453674
9,0.26716995
10,0.26270196
11,0.26968604
12,0.20366429
13,0.20652656
14,0.23126829
15,0.22410618
16,0.22560836
17,0.23904249
18,0.2148532
19,0.2069989
20,0.21580586
