step,per_step_all,per_step_mid
0,0.1324821,0.14334036
1,0.119886965,0.1248442
2,0.0639321,0.05817183
3,0.074545115,0.07850304
4,0.09565315,0.095727704
5,0.07795419,0.07623602
6,0.09147569,0.094214365
7,0.07111839,0.07175137
8,0.08284758,0.07819148
9,0.08202168,0.07791947
10,0.08620077,0.09487131
11,0.138042,0.15555026
