k,cum_mean_std_all,cum_mean_std_mid
1,0.119886965,0.1248442
2,0.09190953,0.091508016
3,0.08612139,0.08717302
4,0.08850433,0.0893117
5,0.086394295,0.08669656
6,0.087241195,0.08794952
7,0.08493794,0.0856355
8,0.084676646,0.084705
9,0.08438165,0.083951056
10,0.08456356,0.08504309
11,0.089425236,0.09145283
