step,per_step_all,per_step_mid
0,0.11540138,0.12211768
1,0.14203583,0.15430987
2,0.13106622,0.1455855
3,0.12193989,0.1102596
4,0.16091835,0.1946959
5,0.10307787,0.11085239
6,0.13462482,0.15969707
7,0.124561675,0.14675118
8,0.14039391,0.16737264
9,0.14732678,0.17455004
10,0.17695454,0.216794
11,0.19164596,0.2336664
12,0.20383456,0.2154964
13,0.21455304,0.2382079
14,0.1782485,0.17929386
15,0.1541639,0.16927122
