k,cum_mean_std_all,cum_mean_std_mid
1,0.14203583,0.15430987
2,0.13655102,0.14994769
3,0.13168065,0.13671832
4,0.13899007,0.15121272
5,0.13180764,0.14314064
6,0.13227718,0.14590006
7,0.13117495,0.14602163
8,0.13232732,0.14869052
9,0.13399392,0.15156381
10,0.13828999,0.15808682
11,0.14314054,0.1649577
12,0.14819837,0.16916925
13,0.15330257,0.1744799
14,0.15508442,0.17482376
15,0.15502305,0.17445359
