k,cum_mean_std_all,cum_mean_std_mid
1,0.07777052,0.074513204
2,0.08183499,0.08062432
3,0.077399574,0.07632399
4,0.07583883,0.07402168
5,0.07659303,0.07430836
6,0.07305566,0.070057474
7,0.08157032,0.07737804
8,0.08085304,0.07764983
9,0.08672065,0.08606676
