step,per_step_all,per_step_mid
0,0.12624225,0.13553791
1,0.07777052,0.074513204
2,0.085899465,0.086735435
3,0.06852875,0.067723334
4,0.0711566,0.06711474
5,0.079609856,0.07545506
6,0.055368856,0.048803017
7,0.13265824,0.12130148
8,0.07583202,0.079552345
9,0.13366155,0.15340224
