step,entropy
0,
1,1.5565715
2,2.7031176
3,0.45921206
4,2.4682975
5,0.47495577
6,0.2508813
7,0.00017747536
8,0.15603022
9,0.28261867
10,0.5456539
