step,head_agreement
0,
1,0.16694535
2,0.26856506
3,0.21423292
4,0.2272744
5,0.2079085
6,0.24957561
7,0.22782941
8,0.23763369
9,0.2499675
10,0.23988067
