step,per_step_all,per_step_mid
0,0.1267601,0.13871811
1,0.06099058,0.047655024
2,0.049903214,0.04142486
3,0.05334934,0.05186089
4,0.06712413,0.058383454
5,0.06083412,0.053938393
6,0.0716637,0.0683205
7,0.03890183,0.033756603
8,0.04225514,0.036221977
9,0.034494128,0.028040953
10,0.042031188,0.039039854
11,0.056740623,0.060199156
12,0.12164082,0.1393484
