k,cum_mean_std_all,cum_mean_std_mid
1,0.06099058,0.047655024
2,0.055446897,0.044539943
3,0.054747712,0.04698026
4,0.057841815,0.04983106
5,0.058440275,0.050652526
6,0.06064418,0.053597193
7,0.05753813,0.050762825
8,0.055627756,0.04894521
9,0.053279575,0.046622515
10,0.05215474,0.045864247
11,0.05257164,0.04716742
12,0.058327403,0.054849166
