step,entropy
0,
1,2.135172
2,0.18141332
3,0.33399203
4,0.05947747
5,0.129794
6,0.20655741
7,1.2844003
8,0.0090004485
9,3.6844318e-05
10,0.6638069
11,0.23730227
12,0.0028347555
13,0.246435
14,0.5199243
15,0.15432632
16,0.81850064
17,1.4270353
18,0.011019025
19,0.005834012
