step,head_agreement
0,
1,0.21739407
2,0.20571436
3,0.23565939
4,0.24614534
5,0.26035374
6,0.24518736
7,0.27195796
8,0.25488997
9,0.25161007
10,0.24228609
11,0.25475267
12,0.19445238
13,0.20581122
14,0.23098762
15,0.20497131
16,0.21693595
17,0.20375858
18,0.18544877
19,0.22158909
