step,entropy
0,
1,2.2312198
2,0.11608949
3,0.24578016
4,0.0433619
5,0.12043672
6,0.18204619
7,1.2105308
8,0.008397817
9,3.8412356e-05
10,0.7527888
11,0.18494542
12,0.0024366432
13,0.42058954
14,0.78091854
