step,head_agreement
0,
1,0.23168816
2,0.20344403
3,0.23319398
4,0.24955113
5,0.26485023
6,0.24631445
7,0.2812659
8,0.25196165
9,0.27025554
10,0.24322526
11,0.250017
12,0.19973582
13,0.22283565
14,0.24180768
