step,entropy
0,
1,1.3204627
2,0.027867278
3,0.342981
4,0.015377548
5,0.01212345
6,0.094878666
7,0.23300317
8,0.0007645629
9,1.3072698e-05
10,0.09203342
11,0.044675175
12,0.0017815663
13,0.7178132
14,0.5026896
15,1.6779108
16,0.53154546
17,0.92468786
18,5.980051e-05
19,0.97066087
20,0.0008024186
21,8.022255e-06
22,8.2814484e-05
23,1.3125702
24,0.107618414
25,0.027004313
26,0.6673656
27,0.0037957262
28,0.534619
29,0.014032112
30,0.00012591729
