step,head_agreement
0,
1,0.21368027
2,0.21811907
3,0.21498443
4,0.27128062
5,0.24649441
6,0.21384306
7,0.25470755
8,0.24045478
9,0.23778456
10,0.2366977
11,0.2970762
12,0.23058385
13,0.21655975
14,0.23031674
15,0.21384715
16,0.20530678
17,0.19101445
18,0.27327847
19,0.20224516
20,0.25392118
21,0.24045609
22,0.18784374
23,0.19903955
24,0.23019727
25,0.22713597
26,0.25564727
27,0.2342237
28,0.28493735
29,0.25339973
30,0.24102516
