step,entropy
0,
1,2.1385627
2,0.094514705
3,0.15789336
4,0.0190465
5,0.08297472
6,0.27822542
7,1.1038423
8,0.0053674723
9,3.4083616e-05
10,0.9348012
11,0.23942246
12,0.0074541206
13,0.19865751
14,0.40903938
15,0.7626561
16,0.8211409
17,1.3996559
18,0.040872425
19,0.008078369
