step,head_agreement
0,
1,0.2025042
2,0.19817148
3,0.24483924
4,0.2684227
5,0.2616909
6,0.25743294
7,0.28963432
8,0.26287657
9,0.2695988
10,0.26226005
11,0.26515833
12,0.21025006
13,0.20668967
14,0.228924
15,0.20304754
16,0.23611388
17,0.22729239
18,0.19502105
19,0.22478221
