k,cum_mean_std_all,cum_mean_std_mid
1,0.0855604,0.077202186
2,0.075204864,0.06673817
3,0.07047852,0.06209017
4,0.068946294,0.06251168
5,0.06914775,0.06273921
6,0.06693891,0.06043528
7,0.06520722,0.059205495
8,0.06467074,0.05887592
9,0.06365923,0.057900872
10,0.06278525,0.05748906
11,0.06283725,0.0577268
12,0.06254389,0.05692364
13,0.061698634,0.055841412
14,0.06069572,0.05492302
15,0.061505906,0.056686882
16,0.06482692,0.060865916
