step,per_step_all,per_step_mid
0,0.11784837,0.12201414
1,0.0855604,0.077202186
2,0.06484934,0.056274164
3,0.061025828,0.052794155
4,0.064349614,0.06377624
5,0.069953606,0.063649334
6,0.05589468,0.048915613
7,0.054817114,0.051826775
8,0.060915366,0.056568883
9,0.05556713,0.05010052
10,0.054919474,0.053782772
11,0.06335721,0.060104217
12,0.05931696,0.04808887
13,0.051555507,0.042854745
14,0.047657847,0.042983864
15,0.0728485,0.08138097
16,0.11464211,0.12355132
