step,per_step_all,per_step_mid
0,0.1372982,0.15024994
1,0.09267886,0.09154418
2,0.07690297,0.07506399
