k,cum_mean_std_all,cum_mean_std_mid
1,0.09267886,0.09154418
2,0.084790915,0.083304085
