start_step,end_step,mid_high_frac,tail_cut_frac,n,n_attacks,n_benign,AUROC,thr_F1,F1_at_thr,thr_J,J_at_thr,thr_FPR@1%,FPR@1%_TPR,thr_FPR@5%,FPR@5%_TPR
11,40,0.25,0.15,300,150,150,0.860311111111111,0.1214945780508772,0.8083832330332748,0.13343733271754388,0.6066666666626223,0.18155021504347826,0.06666666666622223,0.1603379993614035,0.4133333333305778
11,40,0.25,0.1,300,150,150,0.8587555555555556,0.11945940117500001,0.8083832330332748,0.13056233275,0.6066666666626223,0.17782071847333333,0.059999999999600005,0.1563062360535714,0.4199999999972
11,40,0.33,0.15,300,150,150,0.8532444444444445,0.12190082702156863,0.8121212116204225,0.12190082702156863,0.5866666666627556,0.18344183640392156,0.06666666666622223,0.16096521026666666,0.36666666666422226
11,40,0.33,0.1,300,150,150,0.8516888888888888,0.11935515789814814,0.8121212116204225,0.11935515789814814,0.5866666666627556,0.18017967545925925,0.05333333333297778,0.15693765948703703,0.33333333333111115
11,40,0.4,0.15,300,150,150,0.8435555555555555,0.12086242032222223,0.8096676732155056,0.12086242032222223,0.5799999999961334,0.18390094585333336,0.04666666666635556,0.16164015768,0.29999999999800003
11,40,0.4,0.1,300,150,150,0.8418666666666667,0.11794629857083333,0.8072289151624329,0.11794629857083333,0.5733333333295112,0.17818413367291666,0.04666666666635556,0.15702348629166665,0.29999999999800003
