step,entropy
0,
1,2.3522663
2,0.10956631
3,0.20470089
4,0.039166674
5,0.09032846
6,0.21759035
7,1.140661
8,0.035435475
9,5.5354343e-05
10,0.5507597
11,0.18484256
12,0.0043302095
13,0.34690756
14,0.9352071
15,0.9427531
16,1.2352996
17,1.0871245
18,0.036608826
19,0.08198038
