step,head_agreement
0,
1,0.20167315
2,0.2718172
3,0.23175356
4,0.28291604
5,0.26098385
6,0.25472346
7,0.2709729
8,0.2571298
9,0.2582396
10,0.24584924
11,0.25744432
12,0.18852709
13,0.20192212
14,0.24069294
15,0.2124271
16,0.21478575
17,0.2169378
18,0.1956994
19,0.20525733
