step,entropy
0,
1,0.086536914
2,0.074695766
3,0.45770606
4,0.039633643
5,1.6518264
6,0.36386195
7,0.03063519
8,2.0028033
9,0.9931922
10,0.31239212
11,3.399757
12,0.31710297
13,0.4300019
14,0.5008814
15,0.017433308
16,1.3406066
17,1.0931215
18,0.00153712
19,0.00085823564
20,0.45430428
21,0.48073325
22,1.625329
23,0.0011980348
24,1.708538
25,1.468795
26,1.2221904
27,0.008685907
28,0.7946525
29,0.6934692
30,4.475173e-05
31,0.008182045
32,1.8355615
33,0.3091568
