step,head_agreement
0,
1,0.340457
2,0.27338952
3,0.29040715
4,0.41020587
5,0.41760522
6,0.27718613
7,0.38156173
8,0.41892654
9,0.5881826
10,0.54573447
11,0.4219765
12,0.48575085
13,0.46013808
14,0.49851212
15,0.39621723
16,0.3999728
17,0.6800346
18,0.6162738
19,0.53066576
20,0.5365273
21,0.47078127
22,0.21196248
23,0.29537746
24,0.28158647
25,0.19781269
26,0.219196
27,0.27267548
28,0.23152368
29,0.2468836
30,0.25595468
31,0.19880328
32,0.19155194
33,0.21657772
