step,entropy
0,
1,0.82408094
2,0.12434618
3,0.008965168
4,0.06300216
5,0.23577723
6,0.31940186
7,0.4265719
