step,head_agreement
0,
1,0.19595776
2,0.39698735
3,0.34600267
4,0.32547897
5,0.21799631
6,0.35122547
7,0.19212756
