step,entropy
0,
1,0.03063529
2,0.18316427
3,0.0005594676
4,0.08829032
5,0.00038246467
6,0.0017234876
7,0.11449474
8,0.0029889953
9,0.0010481644
10,0.65551174
11,0.04191893
12,0.0005826234
13,0.0069761397
14,8.500264e-06
15,0.002057546
16,0.0013127631
17,0.0015109531
18,0.105317056
19,0.0007868726
20,0.0015300037
21,0.00044984708
22,0.15024845
