step,head_agreement
0,
1,0.28209049
2,0.25133917
3,0.48309714
4,0.45087752
5,0.4871081
6,0.57707256
7,0.34666854
8,0.19752778
9,0.28474906
10,0.37525088
11,0.5427014
12,0.50515056
13,0.4314417
14,0.5380103
15,0.34202808
16,0.19108817
17,0.2897234
18,0.39474645
19,0.4108629
20,0.5221428
21,0.4519668
22,0.40204927
