step,entropy
0,
1,2.300482
2,0.13055916
3,2.0168054
4,0.34738466
5,1.2591599
6,0.19835891
7,1.1377059
8,1.4260854
9,2.1728468
10,1.6318811
11,0.46852255
12,1.6386521
13,0.1560961
14,0.062904775
