step,head_agreement
0,
1,0.19780672
2,0.2551448
3,0.19542874
4,0.23115571
5,0.18646906
6,0.16508481
7,0.18497549
8,0.23476315
9,0.2077517
10,0.22369477
11,0.23340046
12,0.22732435
13,0.16497083
14,0.20452517
