step,entropy
0,
1,1.720944
2,0.030528732
3,1.6494125e-05
4,1.4130478
5,0.08172357
6,0.0028676805
7,0.69335103
8,0.93827605
9,0.5449297
10,0.8728095
11,0.10863505
12,0.972091
13,0.028943017
14,0.032731622
