step,head_agreement
0,
1,0.22975786
2,0.16635554
3,0.22386311
4,0.20327993
5,0.2551363
6,0.20467678
7,0.20447433
8,0.23210283
9,0.19843166
10,0.19133532
11,0.25342786
12,0.20104563
13,0.21732041
14,0.22455469
