k,cum_mean_std_all,cum_mean_std_mid
1,0.102260284,0.110667326
2,0.0930578,0.096812725
3,0.08326589,0.08110326
4,0.07971731,0.07598116
5,0.08530322,0.084091075
6,0.086318195,0.08625466
7,0.08353015,0.082608216
8,0.08048033,0.07797093
9,0.077956244,0.074836284
10,0.07990976,0.07636883
11,0.082400165,0.08049707
12,0.08092355,0.0786681
13,0.07925166,0.0763014
14,0.0783186,0.07513317
