step,per_step_all,per_step_mid
0,0.11527226,0.1241595
1,0.102260284,0.110667326
2,0.08385531,0.082958125
3,0.06368207,0.04968433
4,0.06907157,0.060614858
5,0.10764685,0.116530724
6,0.09139306,0.09707255
7,0.06680188,0.060729537
8,0.0591316,0.045509998
9,0.057763595,0.049759123
10,0.0974914,0.090161756
11,0.1073042,0.12177942
12,0.0646808,0.05854948
13,0.059189033,0.04790106
14,0.06618876,0.059946086
