step,entropy
0,
1,2.1810036
2,0.13594362
3,0.32170114
4,0.041301683
5,0.15648712
6,0.2680077
7,1.3417068
8,0.008600428
9,2.8437433e-05
10,0.66891706
11,0.1409055
12,0.0029086391
13,0.14491491
14,0.90996623
15,0.7459099
16,0.83504134
17,1.3014572
18,0.48792952
19,0.013671626
