step,head_agreement
0,
1,0.22689886
2,0.24592629
3,0.24856958
4,0.2941426
5,0.2851178
6,0.26241717
7,0.27201456
8,0.24990036
9,0.25832826
10,0.23882817
11,0.2505739
12,0.1988202
13,0.21773419
14,0.24923523
15,0.22421552
16,0.22569463
17,0.22278908
18,0.23974895
19,0.23757085
