step,entropy
0,
1,1.961772
2,0.080782965
3,0.6127568
4,0.044479355
5,0.11885967
6,0.17938843
7,0.9911343
8,0.0040130857
9,5.1625917e-05
10,0.5650637
11,0.14252631
12,0.0020652022
13,0.6143944
14,0.802762
15,0.8129158
16,0.9034899
17,0.09334087
18,1.1610916
19,0.009787256
20,0.017300563
