step,head_agreement
0,
1,0.21840528
2,0.2433636
3,0.22764486
4,0.27258208
5,0.26416266
6,0.24272251
7,0.27162212
8,0.25002044
9,0.24260099
10,0.24816976
11,0.26438355
12,0.19418961
13,0.20499152
14,0.23593542
15,0.20768893
16,0.22575596
17,0.2519207
18,0.21909936
19,0.19823447
20,0.23177023
