step,entropy
0,
1,2.359141
2,0.00023755859
3,0.00086337933
4,0.9982652
5,2.23482
6,0.6753959
7,0.03347099
8,0.040831767
9,0.00050878455
10,0.0025255615
11,1.0155584
12,0.061397485
13,1.1600515
14,0.0059391866
15,1.5654341e-05
16,0.20027125
17,0.00039487565
18,0.018641755
19,0.054110583
20,0.07865197
21,0.4459968
22,0.89920235
