step,head_agreement
0,
1,0.24686909
2,0.47098258
3,0.59748673
4,0.511006
5,0.38535932
6,0.61465156
7,0.53074723
8,0.5463482
9,0.5310368
10,0.6376659
11,0.59417176
12,0.55486655
13,0.680236
14,0.61589485
15,0.6984768
16,0.57856965
17,0.5172997
18,0.544916
19,0.48571894
20,0.53854066
21,0.49043047
22,0.29121768
