step,entropy
0,
1,2.1292074
2,2.2989235
3,0.3487959
4,0.013708938
5,1.1365775
6,0.6383231
7,0.5081483
8,1.2192805
9,0.37185782
10,1.3801222
11,0.11935687
12,0.018593257
