step,head_agreement
0,
1,0.18121721
2,0.16383088
3,0.22507857
4,0.17111851
5,0.18960698
6,0.21006566
7,0.17069426
8,0.18369077
9,0.21528427
10,0.17720516
11,0.18173154
12,0.22364165
