step,entropy
0,
1,0.18028209
2,0.020175222
3,0.2824282
4,0.2243124
5,0.0013351514
6,0.08837861
7,0.0023315523
8,0.048832126
9,0.020884529
10,0.08531475
11,0.67157567
