step,head_agreement
0,
1,0.18521279
2,0.34520128
3,0.3788234
4,0.20861372
5,0.28137666
6,0.24187784
7,0.3405044
8,0.27340898
9,0.2744911
10,0.33844045
11,0.20692444
