step,entropy
0,
1,2.20658
2,0.13405974
3,0.23705551
4,0.024715953
5,0.112393826
6,0.3293518
7,1.2276092
8,0.014423175
9,3.256733e-05
10,0.8941026
11,0.16716874
12,0.005434056
13,0.21185128
14,0.8071742
