step,head_agreement
0,
1,0.21735604
2,0.19589724
3,0.23407832
4,0.2625219
5,0.2666164
6,0.2543301
7,0.27424067
8,0.25742182
9,0.24172945
10,0.24591668
11,0.26436314
12,0.20318817
13,0.22308168
14,0.24078731
