step,per_step_all,per_step_mid
0,0.11527226,0.1241595
1,0.102260284,0.110667326
2,0.08385531,0.082958125
3,0.064640254,0.05198634
4,0.065971814,0.05884343
5,0.105610125,0.113432005
6,0.08940694,0.09416116
7,0.06824517,0.06353567
8,0.0640149,0.050969478
9,0.062734805,0.052552436
10,0.10141826,0.09021976
11,0.10257273,0.11482963
12,0.06700402,0.061706066
13,0.055992898,0.04353187
14,0.060210247,0.05355575
