k,cum_mean_std_all,cum_mean_std_mid
1,0.102260284,0.110667326
2,0.0930578,0.096812725
3,0.083585285,0.08187059
4,0.07918192,0.076113805
5,0.08446756,0.08357744
6,0.08529079,0.085341394
7,0.0828557,0.08222629
8,0.0805006,0.07831919
9,0.07852662,0.075456224
10,0.080815785,0.07693257
11,0.08279369,0.080377765
12,0.08147789,0.078821786
13,0.0795175,0.07610718
14,0.07813841,0.074496366
