step,entropy
0,
1,1.3396659
2,9.937107e-05
3,0.0019971544
4,1.8066137
5,0.17952788
