step,head_agreement
0,
1,0.18783338
2,0.24999902
3,0.17082639
4,0.19538566
5,0.1997891
