step,entropy
0,
1,0.28695342
2,4.2340165e-05
3,0.00071344024
4,1.6197345
5,2.4560037
6,1.4231315
7,1.3032653
8,2.0533404
9,0.31007016
10,0.40396333
11,0.010722074
12,0.118889056
13,0.010184357
14,0.0066325087
15,0.010426998
16,0.0045129866
17,0.0017230745
18,0.862836
19,0.8026109
20,1.0895941
21,1.6037669
22,1.0258616
23,0.4788185
24,0.0021113565
25,2.1609397
26,1.0842193
27,1.6635127
28,0.060801573
29,0.5874295
30,1.6868105
