step,head_agreement
0,
1,0.20994721
2,0.23720889
3,0.15814911
4,0.15777875
5,0.18028675
6,0.24520978
7,0.22117119
8,0.21878244
9,0.30339432
10,0.3047859
11,0.23191701
12,0.30109555
13,0.29641834
14,0.3643238
15,0.40669054
16,0.46833858
17,0.31818333
18,0.32144558
19,0.2620868
20,0.24423695
21,0.2313285
22,0.22696133
23,0.20435293
24,0.21934387
25,0.19732998
26,0.23060884
27,0.24597664
28,0.23106955
29,0.25009105
30,0.2086649
