step,entropy
0,
1,1.2148468
2,0.83547556
3,0.0017744964
4,0.006779585
5,0.0011420911
6,0.003026729
7,0.00016506258
8,0.00053123804
9,0.62756234
10,0.9679482
11,0.021124346
12,1.017072
13,0.00087103527
14,0.34767333
15,0.009499382
16,1.1201842
17,0.018731158
18,0.01852688
19,0.78941274
20,0.0025193153
21,0.1884625
22,0.8329344
23,0.29494715
24,0.32554516
