step,head_agreement
0,
1,0.17795935
2,0.3871381
3,0.32322642
4,0.49962375
5,0.4252195
6,0.28984007
7,0.6684019
8,0.48745462
9,0.34033757
10,0.24255712
11,0.4867826
12,0.33071396
13,0.5057899
14,0.4267923
15,0.51510686
16,0.43971297
17,0.60819846
18,0.55270535
19,0.4217138
20,0.49760717
21,0.4189949
22,0.33297947
23,0.4438543
24,0.22065659
