step,entropy
0,
1,2.2127013
2,0.107900396
3,1.0390912
4,0.035538718
5,0.1676082
6,0.3245417
7,1.3405066
8,0.017692478
9,7.846426e-05
10,1.0009549
11,0.24924384
12,0.0031132486
13,0.14829849
14,0.87226474
