step,head_agreement
0,
1,0.23349741
2,0.22797877
3,0.22965641
4,0.27962348
5,0.26639152
6,0.24515204
7,0.2863213
8,0.25054634
9,0.22342464
10,0.23592739
11,0.26857296
12,0.20321865
13,0.21625665
14,0.23295969
