step,entropy
0,
1,2.2837315
2,0.07503654
3,1.5328634
4,0.4121066
5,1.2202753
6,0.25537333
7,0.4835028
8,1.2109958
