step,head_agreement
0,
1,0.18772273
2,0.2468165
3,0.192497
4,0.22560145
5,0.18913369
6,0.19902283
7,0.19596669
8,0.18901041
