step,per_step_all,per_step_mid
0,0.1337729,0.14484082
1,0.14890847,0.16233894
2,0.14087251,0.15900086
3,0.12766968,0.11764452
4,0.16851862,0.20641313
5,0.10962422,0.11944669
6,0.14006713,0.16561519
7,0.13075437,0.15225731
8,0.1614107,0.1881517
9,0.13488264,0.14643025
10,0.19405934,0.2364842
11,0.15150091,0.17011851
12,0.17212862,0.20296021
13,0.18436725,0.22182156
14,0.20094293,0.21225409
15,0.21083142,0.23541164
16,0.17998558,0.18374762
17,0.14339313,0.14630654
