k,cum_mean_std_all,cum_mean_std_mid
1,0.14890847,0.16233894
2,0.14489049,0.1606699
3,0.13915022,0.1463281
4,0.14649232,0.16134936
5,0.1391187,0.15296882
6,0.13927676,0.15507655
7,0.13805927,0.1546738
8,0.14097822,0.15885854
9,0.14030093,0.15747762
10,0.14567678,0.16537827
11,0.14620624,0.1658092
12,0.14836645,0.16890512
13,0.15113574,0.17297561
14,0.1546934,0.17578122
15,0.15843593,0.17975658
16,0.15978277,0.18000603
17,0.15881866,0.1780237
