step,entropy
0,
1,2.3762133
2,0.21971963
3,0.6368043
4,0.03988077
5,0.12784572
6,0.27013206
7,1.2773175
8,0.008605391
9,3.1580836e-05
10,0.6814761
11,0.1289666
12,0.0019006764
13,0.6427121
14,0.6359169
15,0.31997657
16,1.0362594
17,1.112587
18,0.011722529
19,0.0073778206
