step,head_agreement
0,
1,0.18740004
2,0.20192124
3,0.233538
4,0.2708324
5,0.2676374
6,0.25383604
7,0.27126637
8,0.26036128
9,0.2635851
10,0.2493449
11,0.27132493
12,0.20660576
13,0.21482554
14,0.239566
15,0.22078383
16,0.22806801
17,0.2055296
18,0.20440045
19,0.23994587
