step,entropy
0,
1,0.7027985
2,0.078258626
3,0.0051960694
4,0.005330581
5,0.0042034974
6,0.12151654
7,0.23574245
8,0.01146364
9,0.022980306
10,0.20350055
11,0.049845405
12,0.004038766
13,0.016987983
14,0.009510661
15,0.0008190976
16,0.004871374
17,0.0027345214
18,0.0022921893
19,0.0064725215
20,0.0032880038
21,0.007984086
22,0.5394647
23,0.7420571
24,2.7493896
25,3.047743
26,0.75928545
27,0.98065543
