step,head_agreement
0,
1,0.15951721
2,0.24534562
3,0.29954284
4,0.29037943
5,0.37373346
6,0.40311825
7,0.31292593
8,0.3452845
9,0.42780268
10,0.4051487
11,0.30342415
12,0.39506158
13,0.40455526
14,0.27706227
15,0.40583408
16,0.39195117
17,0.38213095
18,0.4061356
19,0.4978513
20,0.3995982
21,0.31582808
22,0.30440992
23,0.24731477
24,0.25790328
25,0.34319118
26,0.34632212
27,0.25283915
