step,entropy
0,
1,0.26068342
2,0.000100193465
3,0.6440414
4,1.1384109
5,0.030298606
6,0.02129263
7,0.5348505
8,0.099411964
9,0.028121872
10,0.84003437
11,1.048049
