step,head_agreement
0,
1,0.18716812
2,0.24087097
3,0.23621847
4,0.19185357
5,0.23662096
6,0.23443407
7,0.21439455
8,0.25090063
9,0.23146647
10,0.2635961
11,0.21987788
