step,entropy
0,
1,0.0004571544
2,0.6490305
3,1.0305189
4,0.06003845
5,0.09949593
6,0.0013260759
7,1.0878255
8,0.0020834452
9,0.00015942851
10,7.0200476e-05
11,0.0036026693
12,0.06670061
13,1.230624
14,7.167098e-05
15,1.097605
16,0.015220593
17,0.00031205566
18,0.00946708
19,0.0041020866
20,0.023186654
21,0.26288283
