step,head_agreement
0,
1,0.22554775
2,0.29762897
3,0.21978013
4,0.40390044
5,0.2901842
6,0.37678277
7,0.30888778
8,0.4409969
9,0.25720027
10,0.5015607
11,0.39431837
12,0.37835056
13,0.31924954
14,0.54635745
15,0.4425834
16,0.49160585
17,0.60849833
18,0.4163851
19,0.36524668
20,0.40284148
21,0.21316369
