step,entropy
0,
1,2.2248466
2,0.13392259
3,0.3337858
4,0.055258427
5,0.16255488
6,0.27612478
7,0.88477576
8,0.023298293
9,5.05506e-05
10,0.5567297
11,0.08629701
12,0.0032233808
13,0.8652881
14,0.7590544
15,1.5347655
16,1.0409867
17,0.02655639
18,1.3763837
19,0.026528351
20,0.058163647
