step,head_agreement
0,
1,0.19339974
2,0.27679875
3,0.2137986
4,0.28661737
5,0.27391508
6,0.24098192
7,0.25346464
8,0.24201868
9,0.26441714
10,0.23048453
11,0.27136695
12,0.18571825
13,0.2242693
14,0.22253375
15,0.19623354
16,0.22523828
17,0.2627415
18,0.22452441
19,0.21342468
20,0.22232707
