step,entropy
0,
1,0.03477048
2,0.0016076403
3,0.00010875851
4,0.13385817
5,0.5321913
6,0.42795712
7,0.004333445
8,0.73440045
9,0.58479947
10,0.52652377
11,0.0007448398
12,0.48306856
13,1.0809397
