step,head_agreement
0,
1,0.20551835
2,0.40913787
3,0.35966906
4,0.35723108
5,0.29084882
6,0.40617713
7,0.33636582
8,0.49479336
9,0.35636672
10,0.45994046
11,0.634938
12,0.4417183
13,0.20629768
