step,entropy
0,
1,2.7318547
2,2.4128146
3,0.101958945
4,0.00010353588
5,1.9550717
6,0.83262527
7,1.5586812
8,1.2884012
9,1.9946134
10,0.14138857
11,0.09642436
12,2.8689828
13,1.6911061
14,0.14392376
15,0.7233134
16,0.7693804
17,0.6116009
18,0.43971696
