step,head_agreement
0,
1,0.2410079
2,0.23736408
3,0.22283335
4,0.23688415
5,0.21937884
6,0.24447478
7,0.26642996
8,0.26749173
9,0.25752416
10,0.2028449
11,0.20061192
12,0.2747871
13,0.25672114
14,0.2758407
15,0.35134274
16,0.3312613
17,0.33948326
18,0.18415181
