step,entropy
0,
1,0.15525216
2,2.138541
3,0.14387932
4,0.0023958082
5,0.00260488
6,1.3806595
7,5.6773966e-05
8,0.22769888
9,0.015487128
10,0.008590205
11,0.004874295
12,1.0541744
13,1.1607358
14,0.000100301804
15,0.0012553461
16,0.74922377
