step,head_agreement
0,
1,0.29338405
2,0.20893592
3,0.37233907
4,0.2413205
5,0.29298547
6,0.3373744
7,0.38279507
8,0.4611773
9,0.4458097
10,0.14975472
11,0.29240915
12,0.3805202
13,0.41869953
14,0.43142933
15,0.49832338
16,0.27228847
