step,entropy
0,
1,2.0496757
2,0.04870381
3,0.86044425
4,0.03707356
5,0.0975041
6,0.2891778
7,1.325747
8,0.019276036
9,4.8268288e-05
10,0.8445014
11,0.15596798
12,0.00293626
13,0.26050246
14,0.8250661
