step,head_agreement
0,
1,0.22362025
2,0.21929085
3,0.23377366
4,0.27003947
5,0.27059653
6,0.249819
7,0.28123677
8,0.2561327
9,0.2495391
10,0.24191923
11,0.257853
12,0.19300182
13,0.20925158
14,0.2507132
