k,cum_mean_std_all,cum_mean_std_mid
1,0.14701486,0.16339374
2,0.1663969,0.17856655
3,0.17675148,0.19208525
4,0.17374372,0.18407421
5,0.158181,0.16548203
6,0.14555283,0.15176147
7,0.13950984,0.14602587
8,0.13389194,0.14075926
9,0.13209385,0.13871895
