step,per_step_all,per_step_mid
0,0.11820483,0.12594129
1,0.14701486,0.16339374
2,0.18577895,0.19373937
3,0.1974606,0.21912265
4,0.1647205,0.16004108
5,0.09593012,0.09111335
6,0.08241199,0.08315868
7,0.10325194,0.11161218
8,0.09456661,0.10389304
9,0.11770912,0.122396514
