step,entropy
0,
1,0.7356272
2,3.1793366e-05
3,1.1681094
4,2.283644
5,0.5524693
6,0.03475989
7,1.6484155e-05
8,0.00017085386
9,0.34764355
10,0.35774103
11,1.031892
12,0.01435299
13,0.095392905
14,4.4529905e-05
15,1.2256868
16,0.0008204341
17,8.0764903e-07
18,0.62734467
19,3.159518e-05
20,1.4111778
21,1.8410912
22,1.2256979
23,0.36988539
24,0.14919639
25,1.8185802
26,0.24894466
27,1.2224615
28,0.52261114
29,0.00048272824
30,0.5011427
31,0.5076835
32,0.9478018
33,0.6560155
34,0.31787038
