step,head_agreement
0,
1,0.19542678
2,0.20745766
3,0.19034745
4,0.1643279
5,0.14975575
6,0.20211893
7,0.22551343
8,0.1628915
9,0.17958008
10,0.18585628
11,0.18714525
12,0.24216296
13,0.2625833
14,0.2907471
15,0.2517408
16,0.3129513
17,0.252153
18,0.26096117
19,0.28458595
20,0.1882008
21,0.18297276
22,0.2776055
23,0.23234342
24,0.27517924
25,0.28572345
26,0.25131685
27,0.2449676
28,0.23709293
29,0.29280862
30,0.18914606
31,0.21313247
32,0.24224517
33,0.27039853
34,0.26310804
