step,entropy
0,
1,1.8066127
2,0.077541895
3,1.0743531
4,0.0016264471
5,0.7735368
6,0.7313367
7,0.01476917
8,0.5020454
9,0.00012456728
10,0.41843015
11,1.9281377
12,0.0001440752
13,0.23561949
14,0.0327953
15,2.517259e-05
16,0.0003958109
17,0.15514998
18,0.009206226
19,1.0614936
20,0.0012742019
21,0.13770588
22,1.4407811
23,0.31372112
24,4.4681845e-05
25,0.6825762
26,0.6986905
27,0.48960996
28,1.1662785
29,0.04830249
30,0.00089331577
31,0.0012841971
