step,head_agreement
0,
1,0.19890465
2,0.2030515
3,0.25627035
4,0.3475568
5,0.21573874
6,0.24550389
7,0.27524105
8,0.22132996
9,0.27447927
10,0.26065624
11,0.29048565
12,0.28459123
13,0.26254073
14,0.27811623
15,0.28580758
16,0.21516803
17,0.17623606
18,0.2385527
19,0.2037464
20,0.25117728
21,0.23098847
22,0.24444415
23,0.27799782
24,0.24995932
25,0.21284875
26,0.2259198
27,0.23232324
28,0.23633789
29,0.22531618
30,0.27692577
31,0.24722598
