k,cum_mean_std_all,cum_mean_std_mid
1,0.089266196,0.081729874
2,0.075559705,0.0694645
3,0.07270857,0.066572614
4,0.067552865,0.060889304
5,0.06411691,0.058526658
6,0.06648744,0.061900433
7,0.06645029,0.061839696
8,0.06546955,0.06077823
9,0.06401512,0.05940165
10,0.062564805,0.058319468
11,0.062083114,0.058223605
12,0.062289476,0.05870959
13,0.062131636,0.05881764
14,0.061484005,0.05796351
15,0.06607557,0.061925687
16,0.06482383,0.06057884
17,0.06429369,0.060244307
18,0.066749126,0.063473426
