step,per_step_all,per_step_mid
0,0.1324821,0.14334036
1,0.11416231,0.11831964
2,0.11802815,0.12752475
3,0.13891058,0.15971938
4,0.146568,0.16505907
5,0.14167318,0.1597595
6,0.12409347,0.1130024
7,0.16121252,0.19890757
8,0.10854651,0.11805543
9,0.14031225,0.1656788
10,0.13879625,0.16595304
11,0.16084062,0.19098292
12,0.13729851,0.15163146
13,0.121778555,0.13196634
14,0.12884161,0.14351474
15,0.11247638,0.12406099
16,0.12410636,0.13547169
17,0.13562566,0.16718537
