k,cum_mean_std_all,cum_mean_std_mid
1,0.11416231,0.11831964
2,0.11609523,0.1229222
3,0.12370034,0.13518792
4,0.12941726,0.14265572
5,0.13186844,0.14607647
6,0.1305726,0.14056413
7,0.13494973,0.14889891
8,0.13164935,0.14504346
9,0.13261189,0.14733627
10,0.13323031,0.14919795
11,0.13574034,0.15299658
12,0.13587019,0.15288283
13,0.13478622,0.15127386
14,0.13436161,0.15071964
15,0.13290259,0.14894241
16,0.13235283,0.14810048
17,0.13254535,0.14922312
