step,entropy
0,
1,0.21400963
2,9.622633e-05
3,0.0012816358
4,1.8564522
5,0.1656231
