step,head_agreement
0,
1,0.20726414
2,0.20630673
3,0.17833409
4,0.17920579
5,0.21886459
