step,entropy
0,
1,1.8318458
2,0.07412658
3,0.2989745
4,0.03699798
5,0.08598117
6,0.23997343
7,1.1909225
8,0.008214196
9,2.9992434e-05
10,0.81092787
11,0.03486419
12,0.0011752119
13,0.1537927
14,1.0791366
15,0.8102661
16,1.0388223
17,1.3502579
18,0.02823666
19,0.0103687495
