step,head_agreement
0,
1,0.22049001
2,0.20455971
3,0.22600359
4,0.2734994
5,0.27615643
6,0.25489518
7,0.2612695
8,0.25510508
9,0.2582808
10,0.23562363
11,0.25495252
12,0.20561592
13,0.21157266
14,0.23772453
15,0.18532823
16,0.20955284
17,0.1964566
18,0.22197191
19,0.22496836
