step,entropy
0,
1,2.3605428
2,0.15579872
3,0.22815743
4,0.038464386
5,0.08792804
6,0.16579317
7,1.2044545
8,0.0064868946
9,4.6482623e-05
10,0.8782412
11,0.14772198
12,0.0010183827
13,0.4852087
14,0.76696765
