step,head_agreement
0,
1,0.18917295
2,0.2112055
3,0.22747488
4,0.2726104
5,0.25985822
6,0.24271318
7,0.26175967
8,0.248241
9,0.26772082
10,0.23906437
11,0.26313037
12,0.19309095
13,0.19999605
14,0.22652623
