step,entropy
0,
1,1.8909373
2,0.061428417
3,0.5791086
4,0.030446861
5,0.0769165
6,0.23117413
7,1.0314869
8,0.004099124
9,3.7167294e-05
10,1.024075
11,0.11624476
12,0.00088043866
13,0.47404015
14,0.6354248
15,1.2258027
16,1.1903594
17,0.16998428
18,1.1868923
19,0.02048491
20,0.004777785
