step,head_agreement
0,
1,0.20204069
2,0.2207781
3,0.23084025
4,0.25718567
5,0.25304228
6,0.24684484
7,0.2654516
8,0.25747478
9,0.2578685
10,0.2554602
11,0.26223224
12,0.20599712
13,0.20725149
14,0.2319581
15,0.21172026
16,0.23282315
17,0.24294099
18,0.2105225
19,0.21507336
20,0.23237415
