step,entropy
0,
1,0.6000692
2,9.5779775e-05
3,0.0012735911
4,1.9040471
5,2.2378733
6,0.1072437
7,0.009791565
8,0.22405833
9,1.1067119
