step,head_agreement
0,
1,0.14873011
2,0.19121797
3,0.1549316
4,0.158274
5,0.15789
6,0.1885549
7,0.27537322
8,0.22441968
9,0.21887353
