start_step,end_step,mid_high_frac,tail_cut_frac,n,n_attacks,n_benign,AUROC,thr_F1,F1_at_thr,thr_J,J_at_thr,thr_FPR@1%,FPR@1%_TPR,thr_FPR@5%,FPR@5%_TPR
1,10,0.25,0.1,300,150,150,0.9410666666666666,0.09235585643000001,0.912052116758162,0.09235585643000001,0.8199999999945334,0.17195470305714286,0.1733333333321778,0.14407899625999998,0.6266666666624889
1,10,0.25,0.15,300,150,150,0.9405777777777778,0.09236854716842104,0.912052116758162,0.09236854716842104,0.8199999999945334,0.1742064772781955,0.1733333333321778,0.1465978283263158,0.6199999999958667
1,10,0.33,0.1,300,150,150,0.9391999999999999,0.09180103465000002,0.912052116758162,0.09180103465000002,0.8199999999945334,0.1766690717611111,0.16666666666555557,0.1507901590388889,0.5666666666628889
1,10,0.33,0.15,300,150,150,0.9383999999999999,0.09178258184117646,0.9090909085853432,0.09178258184117646,0.8133333333279112,0.17994249682941174,0.16666666666555557,0.15455400690588234,0.5599999999962667
1,10,0.4,0.1,300,150,150,0.9350222222222222,0.09358762689375,0.912052116758162,0.09358762689375,0.8199999999945334,0.1795307613,0.1533333333323111,0.15484579085,0.5133333333299112
1,10,0.4,0.15,300,150,150,0.9339555555555555,0.09368581986,0.912052116758162,0.09368581986,0.8199999999945334,0.1834782529333333,0.1533333333323111,0.15915749369333332,0.4999999999966667
