step,per_step_all,per_step_mid
0,0.1306069,0.14149304
1,0.10555877,0.10540581
2,0.06346489,0.060550217
3,0.12641637,0.14858475
