k,cum_mean_std_all,cum_mean_std_mid
1,0.10555877,0.10540581
2,0.08451183,0.08297801
3,0.09848001,0.104846925
