step,entropy
0,
1,2.2764134
2,0.06763648
3,0.5122349
4,0.04623542
5,0.14174522
6,0.32103738
7,1.257036
8,0.0078014093
9,3.309956e-05
10,0.4134913
11,0.14278975
12,0.0019100594
13,0.48135662
14,0.82707655
15,0.6318701
16,1.1649141
17,1.1191711
18,0.034136083
19,0.006345262
