step,head_agreement
0,
1,0.18465039
2,0.22082458
3,0.2442854
4,0.26100898
5,0.2537095
6,0.2382455
7,0.26473445
8,0.2609097
9,0.2699368
10,0.23887622
11,0.26211894
12,0.19788598
13,0.20337045
14,0.21792655
15,0.19076751
16,0.19694863
17,0.19660623
18,0.19403258
19,0.22010829
