k,cum_mean_std_all,cum_mean_std_mid
1,0.13781616,0.14996153
2,0.13228604,0.13213813
3,0.13474756,0.1413062
4,0.1320732,0.13979661
5,0.13433397,0.14496212
6,0.13676806,0.1508499
7,0.13576491,0.15070806
8,0.1391812,0.15623847
9,0.13707207,0.15366125
10,0.13512306,0.15171574
11,0.13513827,0.15191114
12,0.13587986,0.153592
13,0.13869196,0.15806
14,0.14148735,0.16223049
15,0.14167567,0.16193922
16,0.14099032,0.1615747
17,0.14015162,0.16082568
18,0.14051077,0.16136988
