step,per_step_all,per_step_mid
0,0.11527226,0.1241595
1,0.13781616,0.14996153
2,0.12675594,0.11431472
3,0.1396706,0.15964234
4,0.124050096,0.13526784
5,0.14337708,0.16562417
6,0.1489385,0.1802888
7,0.12974593,0.14985703
8,0.16309528,0.19495131
9,0.12019908,0.13304354
10,0.11758198,0.13420616
11,0.13529043,0.15386511
12,0.1440372,0.1720816
13,0.17243724,0.21167584
14,0.17782739,0.21644679
15,0.14431225,0.15786153
16,0.13070972,0.15610695
17,0.1267323,0.14884132
18,0.14661653,0.17062105
