step,entropy
0,
1,0.0010369025
2,0.007599926
3,1.2688522
4,0.5977563
5,0.58647233
6,0.0012691673
7,0.0014505388
8,0.0073270816
9,0.9474359
10,1.4547005
11,1.3872575
12,0.048780024
13,0.8739968
14,2.192271
15,1.5216825
16,0.70230323
17,1.7271109
18,1.2383004
19,1.1076291
20,2.4867449
21,1.8732003
22,0.0004119964
23,1.2807429
24,0.9256635
25,1.1994288
26,0.9910433
27,2.7417243
28,0.8918501
29,0.6145574
30,1.5156802
