step,head_agreement
0,
1,0.30256525
2,0.33994856
3,0.33683205
4,0.32417715
5,0.27025878
6,0.45106184
7,0.51923996
8,0.41978642
9,0.41656
10,0.18787445
11,0.29537746
12,0.39815554
13,0.49327525
14,0.3929228
15,0.38302034
16,0.46607712
17,0.5010008
18,0.3262051
19,0.2953264
20,0.33417615
21,0.36847705
22,0.5502946
23,0.47829634
24,0.4311048
25,0.40936726
26,0.41013607
27,0.5007926
28,0.5363247
29,0.3971148
30,0.23483337
