step,entropy
0,
1,0.008139549
2,0.019645382
3,0.0027224673
4,0.010837455
5,0.00037643785
6,0.010459381
7,0.02630242
8,0.278376
9,0.49284047
10,1.2063403
11,2.098106
12,0.15385935
13,1.9591174
14,0.41983816
15,0.054304246
16,1.9778132
