step,head_agreement
0,
1,0.2126952
2,0.21542929
3,0.32519022
4,0.37540376
5,0.3378624
6,0.4756989
7,0.32631952
8,0.26775244
9,0.21400024
10,0.28427494
11,0.4215964
12,0.25878307
13,0.3416956
14,0.33795875
15,0.37091535
16,0.21088696
