step,entropy
0,
1,2.1013634
2,0.09937588
3,1.414855
4,0.81047976
5,0.51716995
6,0.073678374
7,0.040280808
8,1.2128453
9,0.33744928
10,0.5632507
11,0.00058205775
12,0.0007212545
13,0.75231147
14,2.3118348
15,0.15897341
16,0.46793017
17,0.76228803
18,0.0033602207
19,0.016016377
20,0.0112464465
21,0.92226845
22,0.0008319478
23,0.26104397
24,0.6099888
25,1.3565478
