step,head_agreement
0,
1,0.17066804
2,0.23288064
3,0.23700173
4,0.20184796
5,0.16522533
6,0.21587972
7,0.28866395
8,0.21508567
9,0.22737756
10,0.29978663
11,0.31967232
12,0.36721128
13,0.33506364
14,0.25945404
15,0.20338261
16,0.32884294
17,0.31889626
18,0.35061416
19,0.32389808
20,0.32140142
21,0.24744579
22,0.2841324
23,0.3317384
24,0.29706615
25,0.22413196
