step,entropy
0,
1,1.9667027
2,0.122665145
3,0.24211088
4,0.051049363
5,0.11073407
6,0.41774037
7,1.0399088
8,0.01582196
9,3.250514e-05
10,0.7692249
11,0.30409065
12,0.006428076
13,0.17195398
14,0.5526103
15,1.2789204
16,0.00013615504
17,9.480652e-05
18,0.45524162
19,0.15992981
20,0.014172665
21,1.4777515e-05
22,0.00017875212
23,0.2241792
24,0.0025044596
