step,head_agreement
0,
1,0.19275576
2,0.20264447
3,0.22441103
4,0.2681303
5,0.24727397
6,0.23913798
7,0.28090882
8,0.2681289
9,0.24906321
10,0.25564182
11,0.27047673
12,0.21701895
13,0.23463213
14,0.22513384
15,0.20352206
16,0.40010306
17,0.23341939
18,0.20289272
19,0.20162676
20,0.2902161
21,0.23014268
22,0.22022943
23,0.24008398
24,0.24933687
