k,cum_mean_std_all,cum_mean_std_mid
1,0.08660615,0.07659528
2,0.10021992,0.0981496
3,0.09003964,0.08580496
4,0.082571864,0.078728214
5,0.07883149,0.075002715
6,0.07468819,0.070999295
7,0.07570885,0.07340641
8,0.0763254,0.07383011
9,0.07723387,0.074098505
10,0.07657081,0.072515704
11,0.07732412,0.07354328
12,0.07669113,0.07255391
13,0.077000506,0.07376129
14,0.08048568,0.07868358
