step,per_step_all,per_step_mid
0,0.12356638,0.1331789
1,0.08660615,0.07659528
2,0.113833696,0.11970392
3,0.06967909,0.06111567
4,0.06016854,0.05749798
5,0.06386999,0.06010071
6,0.053971697,0.050982215
7,0.08183282,0.08784913
8,0.08064125,0.07679601
9,0.084501654,0.07624564
10,0.07060325,0.05827044
11,0.08485731,0.08381902
12,0.069728136,0.061670855
13,0.08071312,0.08824992
14,0.12579283,0.14267331
