step,per_step_all,per_step_mid
0,0.1270095,0.13823622
1,0.12566756,0.12902257
2,0.108111605,0.108354755
3,0.09323541,0.0953357
4,0.1007936,0.106712274
5,0.064838,0.059132434
6,0.10072779,0.11389316
7,0.077997066,0.08123956
8,0.07631641,0.076259725
9,0.0743117,0.067216106
10,0.06437539,0.05479824
11,0.050071783,0.044389103
12,0.06660346,0.06002264
13,0.11228821,0.12294001
