k,cum_mean_std_all,cum_mean_std_mid
1,0.12566756,0.12902257
2,0.11688958,0.11868866
3,0.109004855,0.110904336
4,0.10695204,0.10985632
5,0.098529235,0.099711545
6,0.09889566,0.10207515
7,0.09591015,0.09909864
8,0.09346093,0.09624377
9,0.09133324,0.09301847
10,0.08863746,0.08919645
11,0.08513149,0.085123055
12,0.08358749,0.08303136
13,0.08579524,0.08610126
