step,entropy
0,
1,0.66682434
2,0.14648578
3,8.9522786e-05
4,0.003118138
5,0.13040979
6,1.563365e-05
7,0.65365916
8,0.47137216
9,0.012749224
10,0.00026321752
11,0.49178
12,0.88025665
