step,head_agreement
0,
1,0.27451703
2,0.1791407
3,0.15232798
4,0.21203998
5,0.18521564
6,0.25508025
7,0.21147402
8,0.2058697
9,0.20246756
10,0.2478781
11,0.29121667
12,0.25413367
