step,entropy
0,
1,1.5437566
2,0.016932767
3,0.4272262
4,0.045114256
5,0.017395638
6,0.5119375
7,1.3056182
8,0.23886038
9,0.00010920137
10,0.09952422
11,0.15009151
12,0.008493772
13,0.036987897
14,0.16505873
15,1.3441017
16,0.5776526
17,0.08641771
18,0.062266245
19,0.02778671
