step,head_agreement
0,
1,0.24752313
2,0.27464435
3,0.24876203
4,0.25788715
5,0.23970953
6,0.24398026
7,0.27479795
8,0.24514136
9,0.22252378
10,0.2321928
11,0.28111494
12,0.23808977
13,0.23308393
14,0.23329866
15,0.21226826
16,0.24461916
17,0.22382505
18,0.24576934
19,0.22857161
