step,entropy
0,
1,0.053313505
2,0.25728923
3,0.0018373495
4,0.47167042
5,0.0016453377
6,0.059303574
7,0.6782195
8,0.014969369
9,0.0015008094
10,0.0004600858
11,0.11062082
