step,head_agreement
0,
1,0.24140571
2,0.20882283
3,0.29480237
4,0.17205602
5,0.293825
6,0.19251585
7,0.22385445
8,0.18022846
9,0.22550125
10,0.2336057
11,0.30841914
