step,entropy
0,
1,2.0179977
2,0.13459444
3,0.33064905
4,0.04335114
5,0.12270914
6,0.25016186
7,1.1573968
8,0.0057135615
9,3.544277e-05
10,0.24695125
11,0.15482354
12,0.0016131995
13,0.2248255
14,0.3455961
15,0.97007895
16,1.3077952
17,1.1423786
18,0.012763236
19,0.005536695
