step,head_agreement
0,
1,0.22380322
2,0.20185682
3,0.26641643
4,0.27182445
5,0.25486803
6,0.24993186
7,0.2741819
8,0.25311607
9,0.2503501
10,0.25084367
11,0.27417028
12,0.20961317
13,0.2206255
14,0.23600483
15,0.20895207
16,0.22466527
17,0.21752015
18,0.200472
19,0.23302938
