k,cum_mean_std_all,cum_mean_std_mid
1,0.12310787,0.1328318
2,0.09833122,0.098835774
3,0.08653122,0.08355334
4,0.08147012,0.0783549
5,0.07224797,0.06869624
6,0.06746418,0.06347681
7,0.062750615,0.058355503
8,0.05978518,0.0554692
9,0.058790777,0.054954473
10,0.060120277,0.056521676
11,0.060724016,0.05662249
12,0.0614209,0.057347056
13,0.061297067,0.057098147
14,0.060765028,0.05658773
15,0.06042022,0.056620296
16,0.06398034,0.061256707
