step,per_step_all,per_step_mid
0,0.1267601,0.13871811
1,0.12310787,0.1328318
2,0.07355457,0.06483975
3,0.06293123,0.05298846
4,0.06628681,0.0627596
5,0.03535934,0.030061584
6,0.043545265,0.037379693
7,0.034469172,0.027627647
8,0.039027184,0.035265073
9,0.050835542,0.050836645
10,0.07208579,0.07062653
11,0.06676135,0.057630587
12,0.06908659,0.065317266
13,0.05981109,0.05411122
14,0.053848516,0.049952302
15,0.055592913,0.05707624
16,0.11738225,0.13080291
