step,entropy
0,
1,2.120901
2,0.07290736
3,0.32406834
4,0.048694525
5,0.15130365
6,0.12573984
7,1.17295
8,0.0067945947
9,4.441781e-05
10,0.8543464
11,0.1409054
12,0.0017349292
13,0.29745382
14,0.7698597
15,0.67603767
16,0.8564392
17,1.2005432
18,0.4226855
19,0.07999092
20,0.067652404
21,0.0072166817
