step,head_agreement
0,
1,0.21354939
2,0.20109363
3,0.2329946
4,0.25643185
5,0.2539635
6,0.2356671
7,0.2663319
8,0.24605401
9,0.26795584
10,0.23657146
11,0.25920868
12,0.19970742
13,0.21128567
14,0.23480597
15,0.22182135
16,0.2191983
17,0.20620096
18,0.24196513
19,0.22724363
20,0.28265896
21,0.21048436
