step,entropy
0,
1,1.8938606
2,0.10934667
3,2.0004141
4,1.0014762
5,1.0913317
6,1.0419047
