step,head_agreement
0,
1,0.20631383
2,0.24137773
3,0.22585428
4,0.18449467
5,0.22255696
6,0.22798298
