step,entropy
0,
1,0.053132366
2,0.012305422
3,0.17965387
4,1.8822558
5,0.07002983
6,1.3764992
7,2.3748434
8,0.0019096248
9,0.25217587
10,0.41835406
11,0.04628542
12,0.08022798
13,4.254329e-05
14,3.6652316e-05
15,0.8170103
16,0.6550636
17,1.550572
18,0.9241054
19,0.7710722
20,1.3010768
