step,head_agreement
0,
1,0.13440914
2,0.102915056
3,0.10200376
4,0.1749442
5,0.15472338
6,0.12637027
7,0.15577473
8,0.23965134
9,0.20750889
10,0.15530142
11,0.1306869
12,0.16199034
13,0.19232112
14,0.16278441
15,0.23341593
16,0.21432014
17,0.21785702
18,0.19927861
19,0.2040704
20,0.18063524
