step,entropy
0,
1,1.8392346
2,0.037261605
3,0.6355356
4,0.023380969
5,0.061429862
6,0.13014977
7,1.0338836
8,0.0027672527
9,1.7819482e-05
10,0.3797967
11,0.04184049
12,0.00064474647
13,0.20022634
14,0.8754833
15,1.6286014
16,0.9219576
17,1.0088689
18,0.18822794
19,0.31184888
20,0.09105228
21,0.0052995877
