step,head_agreement
0,
1,0.21435425
2,0.21502735
3,0.22698298
4,0.28503627
5,0.26265085
6,0.24318054
7,0.2672352
8,0.27203208
9,0.27277684
10,0.24226135
11,0.27468917
12,0.22003143
13,0.23775734
14,0.24824949
15,0.2254466
16,0.21828239
17,0.2047715
18,0.24521951
19,0.2009194
20,0.27545497
21,0.24005112
